InChI=1S/C16H33NO2/c1-2-3-4-5-6-7-8-9-10-11-12-13-16(19)17-14-15-18/h18H,2-15H2,1H3,(H,17,19)
InChI=1S/C10H20O7P2/c1-9(2)5-4-6-10(3)7-8-16-19(14,15)17-18(11,12)13/h5,7H,4,6,8H2,1-3H3,(H,14,15)(H2,11,12,13)/b10-7-
InChI=1S/C10H14O2/c1-10(2,3)7-4-5-8(11)9(12)6-7/h4-6,11-12H,1-3H3
InChI=1S/C19H23NO4/c1-20-7-6-13-10-19(24-3)17(22)11-14(13)15(20)8-12-4-5-18(23-2)16(21)9-12/h4-5,9-11,15,21-22H,6-8H2,1-3H3/t15-/m0/s1
InChI=1/C8H16N2O3/c1-5(2)3-6(8(12)13)10-7(11)4-9/h5-6H,3-4,9H2,1-2H3,(H,10,11)(H,12,13)/t6-/m0/s1
InChI=1/C21H26N2O3/c1-13(24)20-8-5-10-23-11-9-21(19(20)23)15-6-3-4-7-16(15)22-17(21)14(12-20)18(25)26-2/h3-4,6-7,13,19,22,24H,5,8-12H2,1-2H3/t13-,19+,20+,21+/m1/s1
InChI=1S/C9H7FO2/c10-8-4-2-1-3-7(8)5-6-9(11)12/h1-6H,(H,11,12)/b6-5+
InChI=1S/C8H8O2/c9-8(10)6-7-4-2-1-3-5-7/h1-5H,6H2,(H,9,10)
InChI=1S/C10H15N6O6P/c11-8-5-9(14-2-13-8)16(3-15-5)10-7(18)6(17)4(22-10)1-21-23(12,19)20/h2-4,6-7,10,17-18H,1H2,(H2,11,13,14)(H3,12,19,20)/t4-,6-,7-,10-/m1/s1
InChI=1S/C5H8O/c1-2-3-4-5-6/h3-5H,2H2,1H3/b4-3+
InChI=1S/C11H8O2/c1-7-6-10(12)8-4-2-3-5-9(8)11(7)13/h2-6H,1H3
InChI=1S/C9H8O2/c10-9(11)7-6-8-4-2-1-3-5-8/h1-7H,(H,10,11)/b7-6+
InChI=1S/C5H13O7P/c1-5(8,3-6)4(7)2-12-13(9,10)11/h4,6-8H,2-3H2,1H3,(H2,9,10,11)/t4-,5+/m1/s1
InChI=1S/C10H16N5O14P3/c11-9-13-7-6(8(17)14-9)12-10(18)15(7)5-1-3(16)4(27-5)2-26-31(22,23)29-32(24,25)28-30(19,20)21/h3-5,16H,1-2H2,(H,12,18)(H,22,23)(H,24,25)(H2,19,20,21)(H3,11,13,14,17)/t3-,4+,5+/m0/s1
InChI=1S/C18H32O2/c1-2-3-4-5-6-7-8-9-10-11-12-13-14-15-16-17-18(19)20/h6-7,9-10H,2-5,8,11-17H2,1H3,(H,19,20)/p-1/b7-6-,10-9-
InChI=1S/C10H14N5O7P/c11-8-5-9(13-2-12-8)15(3-14-5)10-7(17)6(16)4(22-10)1-21-23(18,19)20/h2-4,6-7,10,16-17H,1H2,(H2,11,12,13)(H2,18,19,20)/t4-,6-,7-,10-/m1/s1
InChI=1S/C7H7NO2/c8-6-4-2-1-3-5(6)7(9)10/h1-4H,8H2,(H,9,10)
InChI=1S/C6H13O9P/c7-3-2(1-14-16(11,12)13)15-6(10)5(9)4(3)8/h2-10H,1H2,(H2,11,12,13)/t2-,3-,4+,5-,6?/m1/s1
InChI=1S/C8H11NO/c9-6-5-7-1-3-8(10)4-2-7/h1-4,10H,5-6,9H2
InChI=1S/C21H20O12/c22-6-13-15(27)17(29)18(30)21(32-13)33-20-16(28)14-11(26)4-8(23)5-12(14)31-19(20)7-1-2-9(24)10(25)3-7/h1-5,13,15,17-18,21-27,29-30H,6H2/t13-,15+,17+,18-,21+/m1/s1
InChI=1S/C10H10O6/c11-6-1-3-10(4-2-6,9(15)16)5-7(12)8(13)14/h1-4,6,11H,5H2,(H,13,14)(H,15,16)/p-2/t6-,10+
InChI=1S/C3H5O6P/c1-2(3(4)5)9-10(6,7)8/h1H2,(H,4,5)(H2,6,7,8)
InChI=1S/C17H20N4O6/c1-7-3-9-10(4-8(7)2)21(5-11(23)14(25)12(24)6-22)15-13(18-9)16(26)20-17(27)19-15/h3-4,11-12,14,22-25H,5-6H2,1-2H3,(H,20,26,27)/t11-,12+,14-/m0/s1
InChI=1S/C3H4O/c1-2-3-4/h2-3H,1H2
InChI=1S/C7H6O/c8-6-7-4-2-1-3-5-7/h1-6H
InChI=1S/C4H8O/c1-4(2)3-5/h3-4H,1-2H3
InChI=1S/C20H32/c1-6-19(4)13-10-16-15(14-19)8-9-17-18(2,3)11-7-12-20(16,17)5/h6,8,16-17H,1,7,9-14H2,2-5H3
InChI=1S/C10H19N3O4/c1-6(2)3-7(11)10(17)13-4-8(14)12-5-9(15)16/h6-7H,3-5,11H2,1-2H3,(H,12,14)(H,13,17)(H,15,16)
InChI=1S/C6H6NO6P/c8-7(9)5-1-3-6(4-2-5)13-14(10,11)12/h1-4H,(H2,10,11,12)
InChI=1S/C12H24O3/c13-11-9-7-5-3-1-2-4-6-8-10-12(14)15/h13H,1-11H2,(H,14,15)
InChI=1S/C18H21NO4/c1-22-17-4-3-11(8-15(17)20)7-14-13-10-16(21)18(23-2)9-12(13)5-6-19-14/h3-4,8-10,14,19-21H,5-7H2,1-2H3
InChI=1S/C23H38N7O17P3S/c1-12(31)51-7-6-25-14(32)4-5-26-21(35)18(34)23(2,3)9-44-50(41,42)47-49(39,40)43-8-13-17(46-48(36,37)38)16(33)22(45-13)30-11-29-15-19(24)27-10-28-20(15)30/h10-11,13,16-18,22,33-34H,4-9H2,1-3H3,(H,25,32)(H,26,35)(H,39,40)(H,41,42)(H2,24,27,28)(H2,36,37,38)/t13-,16-,17-,18+,22-/m1/s1
InChI=1S/C8H15NOS2/c9-8(10)4-2-1-3-7-5-6-11-12-7/h7H,1-6H2,(H2,9,10)
InChI=1S/C28H41N8O17P3S/c1-28(2,22(39)25(40)32-8-7-18(37)31-9-10-57-27(41)15-5-3-4-6-16(15)29)12-50-56(47,48)53-55(45,46)49-11-17-21(52-54(42,43)44)20(38)26(51-17)36-14-35-19-23(30)33-13-34-24(19)36/h3-6,13-14,17,20-22,26,38-39H,7-12,29H2,1-2H3,(H,31,37)(H,32,40)(H,45,46)(H,47,48)(H2,30,33,34)(H2,42,43,44)/t17-,20-,21-,22+,26-/m1/s1
InChI=1S/C3H7O6P/c4-1-3(5)2-9-10(6,7)8/h1,3,5H,2H2,(H2,6,7,8)/t3-/m0/s1
InChI=1S/H2O3S2/c1-5(2,3)4/h(H2,1,2,3,4)/p-2
InChI=1S/C4H8N4O4/c5-3(11)7-1(2(9)10)8-4(6)12/h1H,(H,9,10)(H3,5,7,11)(H3,6,8,12)
InChI=1S/C16H12O5/c1-20-11-4-2-9(3-5-11)12-8-21-14-7-10(17)6-13(18)15(14)16(12)19/h2-8,17-18H,1H3
InChI=1S/C12H15NO8/c14-5-8-9(15)10(16)11(17)12(21-8)20-7-3-1-6(2-4-7)13(18)19/h1-4,8-12,14-17H,5H2/t8-,9+,10+,11-,12-/m1/s1
InChI=1S/C10H10Br2O2/c1-4(2)6-8(12)9(13)5(3)7(11)10(6)14/h4H,1-3H3
InChI=1/C20H29N10O22P5/c21-15-9-17(25-3-23-15)29(5-27-9)19-13(33)11(31)7(47-19)1-45-53(35,36)49-55(39,40)51-57(43,44)52-56(41,42)50-54(37,38)46-2-8-12(32)14(34)20(48-8)30-6-28-10-16(22)24-4-26-18(10)30/h3-8,11-14,19-20,31-34H,1-2H2,(H,35,36)(H,37,38)(H,39,40)(H,41,42)(H,43,44)(H2,21,23,25)(H2,22,24,26)/t7-,8-,11-,12-,13-,14-,19-,20-/m1/s1
InChI=1S/C12H25N5O3/c1-7(2)6-9(11(19)20)17-10(18)8(13)4-3-5-16-12(14)15/h7-9H,3-6,13H2,1-2H3,(H,17,18)(H,19,20)(H4,14,15,16)
InChI=1S/C3H6O/c1-2-3-4/h3H,2H2,1H3
InChI=1S/O
InChI=1S/C10H15N5O10P2/c11-8-5-9(13-2-12-8)15(3-14-5)10-7(17)6(16)4(24-10)1-23-27(21,22)25-26(18,19)20/h2-4,6-7,10,16-17H,1H2,(H,21,22)(H2,11,12,13)(H2,18,19,20)/t4-,6-,7-,10-/m1/s1
InChI=1S/C10H16N5O15P3/c11-9-13-6-3(7(18)14-9)12-10(19)15(6)8-5(17)4(16)2(28-8)1-27-32(23,24)30-33(25,26)29-31(20,21)22/h2,4-5,8,16-17H,1H2,(H,12,19)(H,23,24)(H,25,26)(H2,20,21,22)(H3,11,13,14,18)/p-4/t2-,4-,5-,8-/m1/s1
InChI=1S/C22H37NO2/c1-2-3-4-5-6-7-8-9-10-11-12-13-14-15-16-17-18-19-22(25)23-20-21-24/h6-7,9-10,12-13,15-16,24H,2-5,8,11,14,17-21H2,1H3,(H,23,25)/b7-6-,10-9-,13-12-,16-15-
InChI=1S/C4H6N4O3/c5-3(10)6-1-2(9)8-4(11)7-1/h1H,(H3,5,6,10)(H2,7,8,9,11)/t1-/m0/s1
InChI=1S/C6H4O2/c7-5-1-2-6(8)4-3-5/h1-4H
InChI=1S/C8H9NOS/c10-9-8(11)6-7-4-2-1-3-5-7/h1-5,10H,6H2,(H,9,11)
InChI=1S/C15H23N5O14P2/c16-12-7-13(18-3-17-12)20(4-19-7)14-10(23)8(21)5(32-14)1-30-35(26,27)34-36(28,29)31-2-6-9(22)11(24)15(25)33-6/h3-6,8-11,14-15,21-25H,1-2H2,(H,26,27)(H,28,29)(H2,16,17,18)/t5-,6-,8-,9-,10-,11-,14-,15?/m1/s1
InChI=1S/C9H16O2/c1-2-3-4-6-9(11)7-5-8-10/h5,7-9,11H,2-4,6H2,1H3
InChI=1S/C15H24N5O13P3/c1-8(2)3-4-16-13-10-14(18-6-17-13)20(7-19-10)15-12(22)11(21)9(31-15)5-30-35(26,27)33-36(28,29)32-34(23,24)25/h3,6-7,9,11-12,15,21-22H,4-5H2,1-2H3,(H,26,27)(H,28,29)(H,16,17,18)(H2,23,24,25)/p-4/t9-,11-,12-,15-/m1/s1
InChI=1S/C15H12O5/c16-10-4-1-9(2-5-10)3-6-12(18)15-13(19)7-11(17)8-14(15)20/h1-8,16-17,19-20H/b6-3+
InChI=1S/C3H8O10P2/c4-2(1-12-14(6,7)8)3(5)13-15(9,10)11/h2,4H,1H2,(H2,6,7,8)(H2,9,10,11)/t2-/m1/s1
InChI=1S/C27H46N7O17P3S/c1-4-5-6-7-18(36)55-11-10-29-17(35)8-9-30-25(39)22(38)27(2,3)13-48-54(45,46)51-53(43,44)47-12-16-21(50-52(40,41)42)20(37)26(49-16)34-15-33-19-23(28)31-14-32-24(19)34/h14-16,20-22,26,37-38H,4-13H2,1-3H3,(H,29,35)(H,30,39)(H,43,44)(H,45,46)(H2,28,31,32)(H2,40,41,42)/t16-,20-,21-,22+,26-/m1/s1
InChI=1S/C12H15NO8/c14-5-8-9(15)10(16)11(17)12(21-8)20-7-3-1-6(2-4-7)13(18)19/h1-4,8-12,14-17H,5H2/t8-,9-,10+,11-,12-/m1/s1
InChI=1S/C11H13NO7/c13-8-5-18-11(10(15)9(8)14)19-7-3-1-6(2-4-7)12(16)17/h1-4,8-11,13-15H,5H2/t8-,9-,10+,11-/m0/s1
InChI=1S/C10H15NO3/c1-11-6-3-4-7(11)9(8(12)5-6)10(13)14-2/h6-7,9H,3-5H2,1-2H3/t6-,7+,9+/m0/s1
InChI=1S/C6H6O6/c7-1-2(8)5-3(9)4(10)6(11)12-5/h2,5,7-8H,1H2
InChI=1S/C6H6O2/c7-5-3-1-2-4-6(5)8/h1-4,7-8H
InChI=1S/C31H44N7O19P3S/c1-31(2,26(43)29(44)34-9-8-21(40)33-10-11-61-22(41)7-5-17-4-6-18(39)19(12-17)52-3)14-54-60(50,51)57-59(48,49)53-13-20-25(56-58(45,46)47)24(42)30(55-20)38-16-37-23-27(32)35-15-36-28(23)38/h4-7,12,15-16,20,24-26,30,39,42-43H,8-11,13-14H2,1-3H3,(H,33,40)(H,34,44)(H,48,49)(H,50,51)(H2,32,35,36)(H2,45,46,47)/t20-,24-,25-,26+,30-/m1/s1
InChI=1S/C3H4O3/c1-2(4)3(5)6/h1H3,(H,5,6)
InChI=1S/C14H8O2/c15-13-11-7-3-1-5-9(11)10-6-2-4-8-12(10)14(13)16/h1-8H
InChI=1S/C12H18O3/c1-2-3-4-5-10-9(8-12(14)15)6-7-11(10)13/h3-4,9-10H,2,5-8H2,1H3,(H,14,15)/b4-3-/t9-,10-/m1/s1
InChI=1S/C12H14O4/c1-9(13)16-7-3-4-10-5-6-11(14)12(8-10)15-2/h3-6,8,14H,7H2,1-2H3/b4-3+
InChI=1S/C30H52O26/c31-1-6-11(36)12(37)18(43)27(49-6)54-23-8(3-33)51-29(20(45)14(23)39)56-25-10(5-35)52-30(21(46)16(25)41)55-24-9(4-34)50-28(19(44)15(24)40)53-22-7(2-32)48-26(47)17(42)13(22)38/h6-47H,1-5H2/t6-,7-,8-,9-,10-,11-,12+,13-,14-,15-,16-,17-,18-,19-,20-,21-,22-,23-,24-,25-,26?,27+,28+,29+,30+/m1/s1
InChI=1S/C8H7NO4/c1-6(10)13-8-4-2-7(3-5-8)9(11)12/h2-5H,1H3
InChI=1S/C2H2O2/c3-1-2-4/h1-2H
InChI=1/C5H10O5/c6-2-1-10-5(9)4(8)3(2)7/h2-9H,1H2/t2-,3+,4-,5+/m1/s1
InChI=1S/C7H14O/c1-6-3-2-4-7(8)5-6/h6-8H,2-5H2,1H3
InChI=1S/C4H10NO6P/c5-3(4(6)7)1-2-11-12(8,9)10/h3H,1-2,5H2,(H,6,7)(H2,8,9,10)/t3-/m0/s1
InChI=1S/C15H22N2O18P2/c18-5-1-2-17(15(26)16-5)12-9(22)6(19)4(32-12)3-31-36(27,28)35-37(29,30)34-14-10(23)7(20)8(21)11(33-14)13(24)25/h1-2,4,6-12,14,19-23H,3H2,(H,24,25)(H,27,28)(H,29,30)(H,16,18,26)/t4-,6-,7+,8+,9-,10-,11+,12-,14-/m1/s1
InChI=1S/C8H17N5O3/c9-5(2-1-3-12-8(10)11)7(16)13-4-6(14)15/h5H,1-4,9H2,(H,13,16)(H,14,15)(H4,10,11,12)
InChI=1S/C6H14O12P2/c7-4-3(1-16-19(10,11)12)18-6(9,5(4)8)2-17-20(13,14)15/h3-5,7-9H,1-2H2,(H2,10,11,12)(H2,13,14,15)/t3-,4-,5+,6-/m1/s1
InChI=1S/C8H7NO/c9-6-8(10)7-4-2-1-3-5-7/h1-5,8,10H
InChI=1S/C16H18O8/c1-7-4-12(18)23-10-5-8(2-3-9(7)10)22-16-15(21)14(20)13(19)11(6-17)24-16/h2-5,11,13-17,19-21H,6H2,1H3/t11-,13-,14+,15-,16-/m1/s1
InChI=1S/C11H19N3O7S/c12-6(11(20)21)1-2-8(16)14-7(4-22-5-15)10(19)13-3-9(17)18/h6-7,15H,1-5,12H2,(H,13,19)(H,14,16)(H,17,18)(H,20,21)/t6-,7-/m0/s1
InChI=1S/C7H16O13P2/c8-3(1-19-21(13,14)15)5(10)7(12)6(11)4(9)2-20-22(16,17)18/h3,5-8,10-12H,1-2H2,(H2,13,14,15)(H2,16,17,18)/t3-,5-,6-,7-/m1/s1
InChI=1S/C8H8O3/c1-11-8(10)6-4-2-3-5-7(6)9/h2-5,9H,1H3
InChI=1S/C15H12O5/c16-9-3-1-8(2-4-9)13-14(18)11-6-5-10(17)7-12(11)20-15(13)19/h1-7,13,15-17,19H
InChI=1S/C15H10O4/c16-10-3-1-9(2-4-10)13-8-19-14-7-11(17)5-6-12(14)15(13)18/h1-8,16-17H
InChI=1S/C15H24N2O17P2/c18-3-5-8(20)10(22)12(24)14(32-5)33-36(28,29)34-35(26,27)30-4-6-9(21)11(23)13(31-6)17-2-1-7(19)16-15(17)25/h1-2,5-6,8-14,18,20-24H,3-4H2,(H,26,27)(H,28,29)(H,16,19,25)/t5-,6-,8+,9-,10+,11-,12-,13-,14?/m1/s1
InChI=1S/C16H24O10/c1-5-8(18)2-6-7(14(22)23)4-24-15(10(5)6)26-16-13(21)12(20)11(19)9(3-17)25-16/h4-6,8-13,15-21H,2-3H2,1H3,(H,22,23)/t5-,6+,8-,9+,10+,11+,12-,13+,15-,16-/m0/s1
InChI=1S/C15H24/c1-11(2)13-8-9-14-7-5-6-12(3)15(14,4)10-13/h7,12-13H,1,5-6,8-10H2,2-4H3/t12-,13-,15+/m1/s1
InChI=1S/C6H8O6/c7-1-2(8)5-3(9)4(10)6(11)12-5/h2,5,7-10H,1H2/p-1/t2-,5+/m0/s1
InChI=1S/C15H10O5/c16-9-3-1-8(2-4-9)11-7-20-13-6-10(17)5-12(18)14(13)15(11)19/h1-7,16-18H
InChI=1S/C9H11NO3/c10-8(9(12)13)5-6-1-3-7(11)4-2-6/h1-4,8,11H,5,10H2,(H,12,13)/t8-/m0/s1
InChI=1S/C14H18O9/c1-21-8-4-6(2-3-7(8)16)13(20)23-14-12(19)11(18)10(17)9(5-15)22-14/h2-4,9-12,14-19H,5H2,1H3/t9-,10-,11+,12-,14+/m1/s1
InChI=1S/C7H8O2/c1-9-7-5-3-2-4-6(7)8/h2-5,8H,1H3
InChI=1S/CN/c1-2/q-1
InChI=1S/C10H16N2O11P2/c1-5-3-12(10(15)11-9(5)14)8-2-6(13)7(22-8)4-21-25(19,20)23-24(16,17)18/h3,6-8,13H,2,4H2,1H3,(H,19,20)(H,11,14,15)(H2,16,17,18)/t6-,7+,8+/m0/s1
InChI=1S/C4H8N2O3/c5-1-3(7)6-2-4(8)9/h1-2,5H2,(H,6,7)(H,8,9)
InChI=1S/C7H6O2/c8-5-6-2-1-3-7(9)4-6/h1-5,9H
InChI=1S/C10H20O7P2/c1-9(2)5-4-6-10(3)7-8-16-19(14,15)17-18(11,12)13/h5,7H,4,6,8H2,1-3H3,(H,14,15)(H2,11,12,13)/b10-7+
InChI=1S/C6H14N2O2/c7-4-2-1-3-5(8)6(9)10/h5H,1-4,7-8H2,(H,9,10)
InChI=1S/C7H10O5/c8-4-1-3(7(11)12)2-5(9)6(4)10/h1,4-6,8-10H,2H2,(H,11,12)/p-1/t4-,5-,6-/m1/s1
InChI=1S/C4H8O/c1-2-3-4-5/h4H,2-3H2,1H3
InChI=1S/C5H9NO4/c6-3(5(9)10)1-2-4(7)8/h3H,1-2,6H2,(H,7,8)(H,9,10)/p-1/t3-/m0/s1
InChI=1S/C21H30N7O17P3/c22-17-12-19(25-7-24-17)28(8-26-12)21-16(44-46(33,34)35)14(30)11(43-21)6-41-48(38,39)45-47(36,37)40-5-10-13(29)15(31)20(42-10)27-3-1-2-9(4-27)18(23)32/h1,3-4,7-8,10-11,13-16,20-21,29-31H,2,5-6H2,(H2,23,32)(H,36,37)(H,38,39)(H2,22,24,25)(H2,33,34,35)/t10-,11-,13-,14-,15-,16-,20-,21-/m1/s1
InChI=1S/C10H18O/c1-7(2)9-5-4-8(3)6-10(9)11/h7-9H,4-6H2,1-3H3
InChI=1S/C21H20O9/c22-8-16-18(25)19(26)20(27)21(30-16)29-12-5-6-13-15(7-12)28-9-14(17(13)24)10-1-3-11(23)4-2-10/h1-7,9,16,18-23,25-27H,8H2/t16-,18-,19+,20-,21-/m1/s1
InChI=1/C49H65N13O24/c50-49-61-39-38(41(72)62-49)53-23(20-52-39)19-51-22-3-1-21(2-4-22)40(71)60-30(48(85)86)10-17-36(68)58-28(46(81)82)8-15-34(66)56-26(44(77)78)6-13-32(64)54-24(42(73)74)5-12-31(63)55-25(43(75)76)7-14-33(65)57-27(45(79)80)9-16-35(67)59-29(47(83)84)11-18-37(69)70/h1-4,23-30,51,53H,5-20H2,(H,54,64)(H,55,63)(H,56,66)(H,57,65)(H,58,68)(H,59,67)(H,60,71)(H,69,70)(H,73,74)(H,75,76)(H,77,78)(H,79,80)(H,81,82)(H,83,84)(H,85,86)(H4,50,52,61,62,72)/t23-,24-,25-,26-,27-,28-,29-,30-/s2
InChI=1S/C16H20O9/c1-23-10-6-8(2-4-9(10)18)3-5-12(19)25-15-14(21)13(20)11(7-17)24-16(15)22/h2-6,11,13-18,20-22H,7H2,1H3/b5-3+
InChI=1S/C10H13N4O8P/c15-6-4(1-21-23(18,19)20)22-10(7(6)16)14-3-13-5-8(14)11-2-12-9(5)17/h2-4,6-7,10,15-16H,1H2,(H,11,12,17)(H2,18,19,20)/t4-,6-,7-,10-/m1/s1
InChI=1S/C9H14N2O12P2/c12-5-1-2-11(9(15)10-5)8-7(14)6(13)4(22-8)3-21-25(19,20)23-24(16,17)18/h1-2,4,6-8,13-14H,3H2,(H,19,20)(H,10,12,15)(H2,16,17,18)/t4-,6-,7-,8-/m1/s1
InChI=1S/C16H16O5/c1-20-10-3-5-11(14(18)7-10)13-8-21-15-6-9(17)2-4-12(15)16(13)19/h2-7,13,16-19H,8H2,1H3/t13-,16-/m0/s1
InChI=1S/C20H26N10O12P2S2/c21-14-8-16(24-3-23-14)30(4-25-8)19-11(32)10(31)5(41-19)1-38-43(34,35)42-44(36,37)39-2-6-12(45)13(46)7-18(40-6)27-15-9(26-7)17(33)29-20(22)28-15/h3-7,10-11,18-19,26,31-32,45-46H,1-2H2,(H,34,35)(H,36,37)(H2,21,23,24)(H4,22,27,28,29,33)/t5-,6-,7+,10-,11-,18-,19-/m1/s1
InChI=1/C9H8O3/c10-5-1-2-7-3-4-8(11)9(12)6-7/h1-6,11-12H/b2-1+
InChI=1S/C4H4O5/c5-2(4(8)9)1-3(6)7/h1H2,(H,6,7)(H,8,9)
InChI=1S/H2O2/c1-2/h1-2H
InChI=1S/C10H10O3/c1-13-9-5-3-2-4-8(9)6-7-10(11)12/h2-7H,1H3,(H,11,12)/p-1
InChI=1S/C10H14N5O10PS/c11-8-5-9(13-2-12-8)15(3-14-5)10-7(17)6(16)4(24-10)1-23-26(18,19)25-27(20,21)22/h2-4,6-7,10,16-17H,1H2,(H,18,19)(H2,11,12,13)(H,20,21,22)/t4-,6-,7-,10-/m1/s1
InChI=1S/C30H52O26/c31-1-7(37)13(39)23(8(38)2-32)53-28-20(46)16(42)25(10(4-34)50-28)55-30-22(48)18(44)26(12(6-36)52-30)56-29-21(47)17(43)24(11(5-35)51-29)54-27-19(45)15(41)14(40)9(3-33)49-27/h1,7-30,32-48H,2-6H2/t7-,8+,9+,10+,11+,12+,13+,14+,15-,16+,17+,18+,19+,20+,21+,22+,23+,24+,25+,26+,27+,28+,29+,30+/m0/s1
InChI=1S/C8H16N2O3/c1-5(2)3-6(9)8(13)10-4-7(11)12/h5-6H,3-4,9H2,1-2H3,(H,10,13)(H,11,12)/t6-/m0/s1
InChI=1S/C6H12O6/c7-1-3(9)5(11)6(12)4(10)2-8/h3,5-9,11-12H,1-2H2/t3-,5-,6-/m1/s1
InChI=1S/C11H14NO6P/c13-10(6-18-19(15,16)17)11(14)8-5-12-9-4-2-1-3-7(8)9/h1-5,10-14H,6H2,(H2,15,16,17)
InChI=1S/C10H18O/c1-9(2)5-4-6-10(3)7-8-11/h5,8,10H,4,6-7H2,1-3H3
InChI=1S/C14H14O4/c1-3-4-13(15)17-10-5-6-11-9(2)7-14(16)18-12(11)8-10/h5-8H,3-4H2,1-2H3
InChI=1S/C4H7NO/c1-4(2,6)3-5/h6H,1-2H3
InChI=1S/C5H4N4O4/c10-2-5(13)1(6-3(11)8-2)7-4(12)9-5/h13H,(H3,6,7,8,9,10,11,12)
InChI=1S/C9H10O/c10-8-4-7-9-5-2-1-3-6-9/h1-7,10H,8H2
InChI=1S/C34H44N10O15/c35-34-43-27-26(29(51)44-34)38-17(14-37-27)13-36-16-3-1-15(2-4-16)28(50)42-21(33(58)59)7-11-24(47)40-19(31(54)55)5-9-22(45)39-18(30(52)53)6-10-23(46)41-20(32(56)57)8-12-25(48)49/h1-4,17-21,36,38H,5-14H2,(H,39,45)(H,40,47)(H,41,46)(H,42,50)(H,48,49)(H,52,53)(H,54,55)(H,56,57)(H,58,59)(H4,35,37,43,44,51)/p-5/t17-,18-,19-,20-,21-/m0/s1
InChI=1S/C15H20O4/c1-10(7-13(17)18)5-6-15(19)11(2)8-12(16)9-14(15,3)4/h5-8,19H,9H2,1-4H3,(H,17,18)/b6-5+,10-7-
InChI=1S/C18H37NO2/c1-2-3-4-5-6-7-8-9-10-11-12-13-14-15-18(21)19-16-17-20/h20H,2-17H2,1H3,(H,19,21)
InChI=1S/C15H23N5O10P2/c1-8(2)3-4-16-13-10-14(18-6-17-13)20(7-19-10)15-12(22)11(21)9(29-15)5-28-32(26,27)30-31(23,24)25/h3,6-7,9,11-12,15,21-22H,4-5H2,1-2H3,(H,26,27)(H,16,17,18)(H2,23,24,25)/p-3/t9-,11-,12-,15-/m1/s1
InChI=1S/C18H32O16/c19-1-4-7(22)8(23)12(27)17(31-4)34-15-6(3-21)32-18(13(28)10(15)25)33-14-5(2-20)30-16(29)11(26)9(14)24/h4-29H,1-3H2/t4-,5-,6-,7-,8+,9-,10-,11-,12-,13-,14-,15-,16+,17-,18-/m1/s1
InChI=1S/C10H17NO9S2/c1-2-3-6(11-20-22(16,17)18)21-10-9(15)8(14)7(13)5(4-12)19-10/h2,5,7-10,12-15H,1,3-4H2,(H,16,17,18)/p-1/b11-6-/t5-,7-,8+,9-,10+/m1/s1
InChI=1S/C3H6N2O4/c4-3(9)5-1(6)2(7)8/h1,6H,(H,7,8)(H3,4,5,9)/t1-/m0/s1
InChI=1S/C14H17NO7/c15-5-9(7-1-3-8(17)4-2-7)21-14-13(20)12(19)11(18)10(6-16)22-14/h1-4,9-14,16-20H,6H2/t9-,10-,11-,12+,13-,14-/m1/s1
InChI=1S/C9H16O/c1-2-3-4-5-6-7-8-9-10/h7-9H,2-6H2,1H3/b8-7+
InChI=1S/C18H32O16/c19-1-4-7(22)10(25)11(26)17(31-4)34-15-9(24)6(3-21)32-18(13(15)28)33-14-8(23)5(2-20)30-16(29)12(14)27/h4-29H,1-3H2/t4-,5-,6-,7-,8-,9-,10+,11-,12-,13-,14+,15+,16?,17+,18+/m1/s1
InChI=1S/C30H42N7O19P3S/c1-30(2,25(43)28(44)33-8-7-20(40)32-9-10-60-21(41)6-4-16-3-5-17(38)18(39)11-16)13-53-59(50,51)56-58(48,49)52-12-19-24(55-57(45,46)47)23(42)29(54-19)37-15-36-22-26(31)34-14-35-27(22)37/h3-6,11,14-15,19,23-25,29,38-39,42-43H,7-10,12-13H2,1-2H3,(H,32,40)(H,33,44)(H,48,49)(H,50,51)(H2,31,34,35)(H2,45,46,47)/t19-,23-,24-,25+,29-/m1/s1
InChI=1S/C10H16N5O12P3/c11-9-8-10(13-3-12-9)15(4-14-8)7-1-5(16)6(25-7)2-24-29(20,21)27-30(22,23)26-28(17,18)19/h3-7,16H,1-2H2,(H,20,21)(H,22,23)(H2,11,12,13)(H2,17,18,19)/t5-,6+,7+/m0/s1
InChI=1S/C18H32O16/c19-1-4-7(22)8(23)12(27)17(31-4)34-15-6(3-21)32-18(13(28)10(15)25)33-14-5(2-20)30-16(29)11(26)9(14)24/h4-29H,1-3H2/t4-,5-,6-,7-,8+,9-,10-,11-,12-,13-,14-,15-,16?,17+,18+/m1/s1
InChI=1S/C2H2O4/c3-1(4)2(5)6/h(H,3,4)(H,5,6)/p-2
InChI=1S/C21H36N7O16P3S/c1-21(2,16(31)19(32)24-4-3-12(29)23-5-6-48)8-41-47(38,39)44-46(36,37)40-7-11-15(43-45(33,34)35)14(30)20(42-11)28-10-27-13-17(22)25-9-26-18(13)28/h9-11,14-16,20,30-31,48H,3-8H2,1-2H3,(H,23,29)(H,24,32)(H,36,37)(H,38,39)(H2,22,25,26)(H2,33,34,35)/t11-,14-,15-,16+,20-/m1/s1
InChI=1S/C6H13NO2/c1-3-4(2)5(7)6(8)9/h4-5H,3,7H2,1-2H3,(H,8,9)/t4-,5-/m0/s1
InChI=1S/C8H5NO2/c10-7-5-3-1-2-4-6(5)9-8(7)11/h1-4H,(H,9,10,11)
InChI=1S/C6H14N4O2/c7-4(5(11)12)2-1-3-10-6(8)9/h4H,1-3,7H2,(H,11,12)(H4,8,9,10)
InChI=1S/C21H35N7O13P2S/c1-21(2,16(32)19(33)24-4-3-12(29)23-5-6-44)8-39-43(36,37)41-42(34,35)38-7-11-14(30)15(31)20(40-11)28-10-27-13-17(22)25-9-26-18(13)28/h9-11,14-16,20,30-32,44H,3-8H2,1-2H3,(H,23,29)(H,24,33)(H,34,35)(H,36,37)(H2,22,25,26)/t11-,14-,15-,16+,20-/m1/s1
InChI=1S/C10H16N5O13P3/c11-8-5-9(13-2-12-8)15(3-14-5)10-7(17)6(16)4(26-10)1-25-30(21,22)28-31(23,24)27-29(18,19)20/h2-4,6-7,10,16-17H,1H2,(H,21,22)(H,23,24)(H2,11,12,13)(H2,18,19,20)/p-4/t4-,6-,7-,10-/m1/s1
InChI=1S/C5H8O/c1-3-5(6)4-2/h3H,1,4H2,2H3
InChI=1S/C7H14N2O4/c8-4(6(10)11)2-1-3-5(9)7(12)13/h4-5H,1-3,8-9H2,(H,10,11)(H,12,13)/p-2/t4-,5-/m0/s1
InChI=1S/C5H14N4/c6-3-1-2-4-9-5(7)8/h1-4,6H2,(H4,7,8,9)
InChI=1S/C16H17NO3/c18-12-3-1-10(2-4-12)7-14-13-9-16(20)15(19)8-11(13)5-6-17-14/h1-4,8-9,14,17-20H,5-7H2
InChI=1S/C12H15NO8/c14-5-8-9(15)10(16)11(17)12(21-8)20-7-3-1-6(2-4-7)13(18)19/h1-4,8-12,14-17H,5H2
InChI=1S/C4H7NO4/c5-2(4(8)9)1-3(6)7/h2H,1,5H2,(H,6,7)(H,8,9)/p-1/t2-/m0/s1
InChI=1S/CH4N2O/c2-1(3)4/h(H4,2,3,4)
InChI=1S/C5H11O8P/c6-1-3(7)5(9)4(8)2-13-14(10,11)12/h4-6,8-9H,1-2H2,(H2,10,11,12)/t4-,5-/m1/s1
InChI=1S/C10H16N5O14P3/c11-10-13-7-4(8(18)14-10)12-2-15(7)9-6(17)5(16)3(27-9)1-26-31(22,23)29-32(24,25)28-30(19,20)21/h2-3,5-6,9,16-17H,1H2,(H,22,23)(H,24,25)(H2,19,20,21)(H3,11,13,14,18)/p-4/t3-,5-,6-,9-/m1/s1
InChI=1S/C16H25N5O16P2/c17-16-19-12-6(13(28)20-16)18-3-21(12)14-10(26)8(24)5(34-14)2-33-38(29,30)37-39(31,32)36-15-11(27)9(25)7(23)4(1-22)35-15/h3-5,7-11,14-15,22-27H,1-2H2,(H,29,30)(H,31,32)(H3,17,19,20,28)/t4-,5-,7-,8-,9+,10-,11+,14-,15-/m1/s1
InChI=1S/C14H28O2/c1-2-3-4-5-6-7-8-9-10-11-12-13-14(15)16/h2-13H2,1H3,(H,15,16)/p-1
InChI=1S/C10H15N5O11P2/c11-10-13-7-4(8(18)14-10)12-2-15(7)9-6(17)5(16)3(25-9)1-24-28(22,23)26-27(19,20)21/h2-3,5-6,9,16-17H,1H2,(H,22,23)(H2,19,20,21)(H3,11,13,14,18)/t3-,5-,6-,9-/m1/s1
InChI=1S/C6H10O7/c7-1-2(8)4(5(10)11)13-6(12)3(1)9/h1-4,6-9,12H,(H,10,11)/t1-,2-,3+,4-,6-/m0/s1
InChI=1S/C25H42N7O17P3S/c1-4-5-16(34)53-9-8-27-15(33)6-7-28-23(37)20(36)25(2,3)11-46-52(43,44)49-51(41,42)45-10-14-19(48-50(38,39)40)18(35)24(47-14)32-13-31-17-21(26)29-12-30-22(17)32/h12-14,18-20,24,35-36H,4-11H2,1-3H3,(H,27,33)(H,28,37)(H,41,42)(H,43,44)(H2,26,29,30)(H2,38,39,40)/t14-,18-,19-,20+,24-/m1/s1
InChI=1S/C12H15NO8/c14-5-8-9(15)10(16)11(17)12(21-8)20-7-4-2-1-3-6(7)13(18)19/h1-4,8-12,14-17H,5H2/t8-,9+,10+,11-,12-/m1/s1
InChI=1S/C10H17N3O6S/c11-5(10(18)19)1-2-7(14)13-6(4-20)9(17)12-3-8(15)16/h5-6,20H,1-4,11H2,(H,12,17)(H,13,14)(H,15,16)(H,18,19)/t5-,6-/m0/s1
InChI=1S/C15H10O8/c16-6-3-7(17)11-10(4-6)23-15(14(22)13(11)21)5-1-8(18)12(20)9(19)2-5/h1-4,16-20,22H
InChI=1S/C19H21NO3/c1-20-9-8-19-12-5-7-15(22-3)18(19)23-17-14(21-2)6-4-11(16(17)19)10-13(12)20/h4-7,13,18H,8-10H2,1-3H3/t13-,18+,19+/m1/s1
InChI=1S/C10H12O2/c1-3-4-8-5-6-9(11)10(7-8)12-2/h3-7,11H,1-2H3
InChI=1S/C21H20O11/c22-7-13-15(26)17(28)18(29)21(31-13)32-20-16(27)14-11(25)5-10(24)6-12(14)30-19(20)8-1-3-9(23)4-2-8/h1-6,13,15,17-18,21-26,28-29H,7H2/t13-,15+,17+,18-,21+/m1/s1
InChI=1S/C3H8O10P2/c4-2(1-12-14(6,7)8)3(5)13-15(9,10)11/h2,4H,1H2,(H2,6,7,8)(H2,9,10,11)
InChI=1S/C6H5NO2/c8-6(9)5-2-1-3-7-4-5/h1-4H,(H,8,9)/p-1
InChI=1S/C15H24N2O17P2/c18-3-5-8(20)10(22)12(24)14(32-5)33-36(28,29)34-35(26,27)30-4-6-9(21)11(23)13(31-6)17-2-1-7(19)16-15(17)25/h1-2,5-6,8-14,18,20-24H,3-4H2,(H,26,27)(H,28,29)(H,16,19,25)/t5-,6-,8-,9-,10+,11-,12-,13-,14?/m1/s1
InChI=1S/C11H13NO7/c13-5-8-9(14)10(15)11(19-8)18-7-3-1-6(2-4-7)12(16)17/h1-4,8-11,13-15H,5H2/t8-,9-,10+,11+/m0/s1
InChI=1S/C15H10O6/c16-8-3-1-7(2-4-8)15-14(20)13(19)12-10(18)5-9(17)6-11(12)21-15/h1-6,16-18,20H
InChI=1S/C9H18N2O3S/c1-5(2)3-6(10)8(12)11-7(4-15)9(13)14/h5-7,15H,3-4,10H2,1-2H3,(H,11,12)(H,13,14)/t6-,7-/m0/s1
InChI=1S/H3O4P/c1-5(2,3)4/h(H3,1,2,3,4)
InChI=1S/C11H11NO2/c1-14-11(13)6-8-7-12-10-5-3-2-4-9(8)10/h2-5,7,12H,6H2,1H3
InChI=1S/C15H22N5O7P/c1-8(2)3-4-16-13-10-14(18-6-17-13)20(7-19-10)15-12(22)11(21)9(27-15)5-26-28(23,24)25/h3,6-7,9,11-12,15,21-22H,4-5H2,1-2H3,(H,16,17,18)(H2,23,24,25)/p-2/t9-,11-,12-,15-/m1/s1
InChI=1S/6CN.Fe/c6*1-2;/q;;;;;;-3
InChI=1S/C11H14O4/c1-14-9-6-8(4-3-5-12)7-10(15-2)11(9)13/h3-4,6-7,12-13H,5H2,1-2H3
InChI=1S/C39H38O21/c40-18-5-3-17(4-6-18)37-25(58-39-36(53)34(51)31(48)26(60-39)14-54-29(46)8-2-16-1-7-21(42)22(43)9-16)12-20-23(56-37)10-19(41)11-24(20)57-38-35(52)33(50)32(49)27(59-38)15-55-30(47)13-28(44)45/h1-12,26-27,31-36,38-39,48-53H,13-15H2,(H4-,40,41,42,43,44,45,46)/p+1/t26-,27-,31-,32-,33+,34+,35-,36-,38-,39-/m1/s1
InChI=1S/C15H28O7P2/c1-13(2)7-5-8-14(3)9-6-10-15(4)11-12-21-24(19,20)22-23(16,17)18/h7,9,11H,5-6,8,10,12H2,1-4H3,(H,19,20)(H2,16,17,18)
InChI=1S/C30H42N7O18P3S/c1-30(2,25(42)28(43)33-10-9-20(39)32-11-12-59-21(40)8-5-17-3-6-18(38)7-4-17)14-52-58(49,50)55-57(47,48)51-13-19-24(54-56(44,45)46)23(41)29(53-19)37-16-36-22-26(31)34-15-35-27(22)37/h3-8,15-16,19,23-25,29,38,41-42H,9-14H2,1-2H3,(H,32,39)(H,33,43)(H,47,48)(H,49,50)(H2,31,34,35)(H2,44,45,46)/t19-,23-,24-,25+,29-/m1/s1
InChI=1S/C15H12O4/c16-11-4-1-10(2-5-11)3-8-14(18)13-7-6-12(17)9-15(13)19/h1-9,16-17,19H/b8-3+
InChI=1S/C10H12N2/c11-6-5-8-7-12-10-4-2-1-3-9(8)10/h1-4,7,12H,5-6,11H2
InChI=1S/C6H3ClN2O4/c7-5-2-1-4(8(10)11)3-6(5)9(12)13/h1-3H
InChI=1S/C5H10N2O3S/c6-3(2-11)5(10)7-1-4(8)9/h3,11H,1-2,6H2,(H,7,10)(H,8,9)/t3-/m0/s1
InChI=1S/C36H62O31/c37-1-8(44)15(46)27(9(45)2-38)63-33-23(54)18(49)29(11(4-40)59-33)65-35-25(56)20(51)31(13(6-42)61-35)67-36-26(57)21(52)30(14(7-43)62-36)66-34-24(55)19(50)28(12(5-41)60-34)64-32-22(53)17(48)16(47)10(3-39)58-32/h1,8-36,38-57H,2-7H2/t8-,9+,10+,11+,12+,13+,14+,15+,16+,17-,18+,19+,20+,21+,22+,23+,24+,25+,26+,27+,28+,29+,30+,31+,32+,33+,34+,35+,36+/m0/s1
InChI=1S/C10H10O6/c1-5(9(12)13)16-8-4-6(10(14)15)2-3-7(8)11/h2-4,7-8,11H,1H2,(H,12,13)(H,14,15)/t7-,8-/m1/s1
InChI=1S/C9H8O/c10-8-4-7-9-5-2-1-3-6-9/h1-8H/b7-4+
InChI=1S/p+1
InChI=1S/C11H13NO7/c13-8-5-18-11(10(15)9(8)14)19-7-3-1-6(2-4-7)12(16)17/h1-4,8-11,13-15H,5H2/t8-,9+,10-,11+/m1/s1
InChI=1S/C13H26O6/c1-2-3-4-5-6-7-18-13-12(17)11(16)10(15)9(8-14)19-13/h9-17H,2-8H2,1H3
InChI=1S/C5H12O7P2/c1-5(2)3-4-11-14(9,10)12-13(6,7)8/h1,3-4H2,2H3,(H,9,10)(H2,6,7,8)
InChI=1S/C9H16N3O14P3/c10-5-1-2-12(9(15)11-5)8-7(14)6(13)4(24-8)3-23-28(19,20)26-29(21,22)25-27(16,17)18/h1-2,4,6-8,13-14H,3H2,(H,19,20)(H,21,22)(H2,10,11,15)(H2,16,17,18)/p-4/t4-,6-,7-,8-/m1/s1
InChI=1S/C16H12O4/c1-19-12-5-2-10(3-6-12)14-9-20-15-8-11(17)4-7-13(15)16(14)18/h2-9,17H,1H3
InChI=1S/C9H15N2O15P3/c12-5-1-2-11(9(15)10-5)8-7(14)6(13)4(24-8)3-23-28(19,20)26-29(21,22)25-27(16,17)18/h1-2,4,6-8,13-14H,3H2,(H,19,20)(H,21,22)(H,10,12,15)(H2,16,17,18)/p-4/t4-,6-,7-,8-/m1/s1
InChI=1S/C16H25N5O15P2/c17-13-7-14(19-3-18-13)21(4-20-7)15-11(26)9(24)6(33-15)2-32-37(28,29)36-38(30,31)35-16-12(27)10(25)8(23)5(1-22)34-16/h3-6,8-12,15-16,22-27H,1-2H2,(H,28,29)(H,30,31)(H2,17,18,19)/t5-,6-,8-,9-,10+,11-,12-,15-,16-/m1/s1
InChI=1S/C10H12N2O/c11-4-3-7-6-12-10-2-1-8(13)5-9(7)10/h1-2,5-6,12-13H,3-4,11H2
InChI=1S/C6H10O/c1-2-3-4-5-6-7/h4-6H,2-3H2,1H3
InChI=1S/C3H6O3/c4-1-3(6)2-5/h1,3,5-6H,2H2
InChI=1S/C7H19N3/c8-4-1-2-6-10-7-3-5-9/h10H,1-9H2
InChI=1S/C8H17NOS2/c9-8(10)4-2-1-3-7(12)5-6-11/h7,11-12H,1-6H2,(H2,9,10)
InChI=1S/C15H19NO10/c1-23-6-2-3-7-8(4-6)24-15(13(21)16(7)22)26-14-12(20)11(19)10(18)9(5-17)25-14/h2-4,9-12,14-15,17-20,22H,5H2,1H3/t9-,10-,11+,12-,14+,15-/m1/s1
InChI=1S/C12H22O11/c13-1-3-5(15)7(17)8(18)12(22-3)23-10-6(16)4(2-14)21-11(20)9(10)19/h3-20H,1-2H2/t3-,4-,5-,6-,7+,8-,9-,10+,11?,12+/m1/s1
InChI=1S/C30H42N7O17P3S/c1-30(2,25(41)28(42)33-11-10-20(38)32-12-13-58-21(39)9-8-18-6-4-3-5-7-18)15-51-57(48,49)54-56(46,47)50-14-19-24(53-55(43,44)45)23(40)29(52-19)37-17-36-22-26(31)34-16-35-27(22)37/h3-9,16-17,19,23-25,29,40-41H,10-15H2,1-2H3,(H,32,38)(H,33,42)(H,46,47)(H,48,49)(H2,31,34,35)(H2,43,44,45)/t19-,23-,24-,25+,29-/m1/s1
InChI=1/C13H8O6/c14-5-1-9(17)12-11(2-5)19-10-4-8(16)7(15)3-6(10)13(12)18/h1-4,14-17H
InChI=1S/C5H9NO4/c1-3(7)10-2-4(6)5(8)9/h4H,2,6H2,1H3,(H,8,9)/t4-/m0/s1
InChI=1S/C10H12O/c1-8(2)10-6-4-3-5-9(10)7-11/h3-8H,1-2H3
InChI=1S/Mo.4O/q;;;2*-1
InChI=1S/C15H10O7/c16-7-3-9(17)8-5-12(20)15(22-13(8)4-7)6-1-10(18)14(21)11(19)2-6/h1-5H,(H5-,16,17,18,19,20,21)/p+1
InChI=1S/C3H7NO2S/c4-2(1-7)3(5)6/h2,7H,1,4H2,(H,5,6)/t2-/m0/s1
InChI=1S/C7H8O2/c1-5-2-3-6(8)7(9)4-5/h2-4,8-9H,1H3
InChI=1S/C3H4O3S/c4-2(1-7)3(5)6/h7H,1H2,(H,5,6)
InChI=1S/C6H10O/c1-3-5-6(7)4-2/h3,5H,4H2,1-2H3/b5-3+
InChI=1/C21H24N2O4/c1-11(24)21-9-12(18(25)26-2)16-20(13-5-3-4-6-14(13)22-16)7-8-23(19(20)21)10-15-17(21)27-15/h3-6,11,15,17,19,22,24H,7-10H2,1-2H3/t11-,15?,17?,19-,20+,21+/m1/s1
InChI=1S/C21H20O12/c22-6-12(27)19-16(29)17(30)21(32-19)33-20-15(28)14-11(26)4-8(23)5-13(14)31-18(20)7-1-2-9(24)10(25)3-7/h1-5,12,16-17,19,21-27,29-30H,6H2/t12-,16-,17-,19-,21+/m1/s1
InChI=1S/C10H9NO2/c12-10(13)5-7-6-11-9-4-2-1-3-8(7)9/h1-4,6,11H,5H2,(H,12,13)/p-1
InChI=1S/C3H7NO2/c1-2(4)3(5)6/h2H,4H2,1H3,(H,5,6)/t2-/m0/s1
InChI=1S/C21H29N7O14P2/c22-17-12-19(25-7-24-17)28(8-26-12)21-16(32)14(30)11(41-21)6-39-44(36,37)42-43(34,35)38-5-10-13(29)15(31)20(40-10)27-3-1-2-9(4-27)18(23)33/h1,3-4,7-8,10-11,13-16,20-21,29-32H,2,5-6H2,(H2,23,33)(H,34,35)(H,36,37)(H2,22,24,25)/t10-,11-,13-,14-,15-,16-,20-,21-/m1/s1
InChI=1S/C20H37NO2/c1-2-3-4-5-6-7-8-9-10-11-12-13-14-15-16-17-20(23)21-18-19-22/h6-7,9-10,22H,2-5,8,11-19H2,1H3,(H,21,23)/b7-6-,10-9-
InChI=1/C9H8O2/c10-7-1-2-8-3-5-9(11)6-4-8/h1-7,11H/b2-1+
InChI=1S/C29H37N9O12/c30-29-37-23-22(25(44)38-29)33-15(12-32-23)11-31-14-3-1-13(2-4-14)24(43)36-18(28(49)50)6-9-20(40)34-16(26(45)46)5-8-19(39)35-17(27(47)48)7-10-21(41)42/h1-4,15-18,31,33H,5-12H2,(H,34,40)(H,35,39)(H,36,43)(H,41,42)(H,45,46)(H,47,48)(H,49,50)(H4,30,32,37,38,44)/p-4/t15-,16-,17-,18-/m0/s1
InChI=1S/C20H36O7P2/c1-17(2)9-6-10-18(3)11-7-12-19(4)13-8-14-20(5)15-16-26-29(24,25)27-28(21,22)23/h9,11,13,15H,6-8,10,12,14,16H2,1-5H3,(H,24,25)(H2,21,22,23)/b18-11+,19-13+,20-15+
InChI=1S/C7H12O/c1-6-3-2-4-7(8)5-6/h6H,2-5H2,1H3
InChI=1S/C5H12N2O2/c6-3-1-2-4(7)5(8)9/h4H,1-3,6-7H2,(H,8,9)/t4-/m0/s1
InChI=1/C10H10O4/c1-14-9-6-7(3-2-4-11)5-8(12)10(9)13/h2-6,12-13H,1H3/b3-2+
InChI=1S/C20H32/c1-6-19(4)13-10-16-15(14-19)8-9-17-18(2,3)11-7-12-20(16,17)5/h6,14,16-17H,1,7-13H2,2-5H3/t16-,17-,19-,20+/m1/s1
InChI=1S/C14H17NO10/c16-4-8-9(18)10(19)11(20)13(24-8)25-14-12(21)15(22)6-2-1-5(17)3-7(6)23-14/h1-3,8-11,13-14,16-20,22H,4H2/t8-,9-,10+,11-,13+,14?/m1/s1
InChI=1S/C9H11NO2/c10-8(9(11)12)6-7-4-2-1-3-5-7/h1-5,8H,6,10H2,(H,11,12)/t8-/m0/s1
InChI=1S/CH4O/c1-2/h2H,1H3
InChI=1S/C4H12N2/c5-3-1-2-4-6/h1-6H2
InChI=1S/C9H8O3/c10-8-3-1-2-7(6-8)4-5-9(11)12/h1-6,10H,(H,11,12)
InChI=1S/C7H14O/c1-5(2)7(8)6(3)4/h5-6H,1-4H3
InChI=1S/H2O/h1H2
InChI=1S/C10H12O3/c1-13-10-7-8(3-2-6-11)4-5-9(10)12/h2-5,7,11-12H,6H2,1H3/b3-2+
InChI=1S/C16H18O8/c17-10-4-1-9(2-5-10)3-6-13(19)24-12-8-16(23,15(21)22)7-11(18)14(12)20/h1-6,11-12,14,17-18,20,23H,7-8H2,(H,21,22)/b6-3+/t11-,12-,14-,16+/m1/s1
InChI=1S/C4H7NO3/c5-3(1-2-6)4(7)8/h2-3H,1,5H2,(H,7,8)/p-1/t3-/m0/s1
InChI=1S/C6H12O2/c1-2-3-4-5-6(7)8/h2-5H2,1H3,(H,7,8)
InChI=1S/C2H2O3/c3-1-2(4)5/h1H,(H,4,5)/p-1
InChI=1S/C4H7NO2/c5-4(1-2-4)3(6)7/h1-2,5H2,(H,6,7)/p-1
InChI=1S/C5H8O/c1-3-4-5(2)6/h3-4H,1-2H3
InChI=1S/C4H9NO2Se/c1-8-2-3(5)4(6)7/h3H,2,5H2,1H3,(H,6,7)
InChI=1S/C21H27N7O14P2/c22-17-12-19(25-7-24-17)28(8-26-12)21-16(32)14(30)11(41-21)6-39-44(36,37)42-43(34,35)38-5-10-13(29)15(31)20(40-10)27-3-1-2-9(4-27)18(23)33/h1-4,7-8,10-11,13-16,20-21,29-32H,5-6H2,(H5-,22,23,24,25,33,34,35,36,37)/p+1/t10-,11-,13-,14-,15-,16-,20-,21-/m1/s1
InChI=1S/C4H8N2O3/c5-2(4(8)9)1-3(6)7/h2H,1,5H2,(H2,6,7)(H,8,9)/t2-/m0/s1
InChI=1S/C12H24N2O3/c1-7(2)5-9(13)11(15)14-10(12(16)17)6-8(3)4/h7-10H,5-6,13H2,1-4H3,(H,14,15)(H,16,17)
InChI=1S/C5H10N2O3/c6-3(5(9)10)1-2-4(7)8/h3H,1-2,6H2,(H2,7,8)(H,9,10)/t3-/m0/s1
InChI=1S/C10H14O/c1-7(2)9-5-4-8(3)10(11)6-9/h4,9H,1,5-6H2,2-3H3/t9-/m1/s1
InChI=1S/C10H18O/c1-9(2)5-4-6-10(3)7-8-11/h5,7,11H,4,6,8H2,1-3H3/b10-7+
InChI=1S/C3H7NO3/c4-2(1-5)3(6)7/h2,5H,1,4H2,(H,6,7)/t2-/m0/s1
InChI=1/C36H62O31/c37-1-7-13(43)14(44)21(51)32(58-7)64-27-9(3-39)60-34(23(53)16(27)46)66-29-11(5-41)62-36(25(55)18(29)48)67-30-12(6-42)61-35(24(54)19(30)49)65-28-10(4-40)59-33(22(52)17(28)47)63-26-8(2-38)57-31(56)20(50)15(26)45/h7-56H,1-6H2/t7-,8-,9-,10-,11-,12-,13-,14+,15-,16-,17-,18-,19-,20-,21-,22-,23-,24-,25-,26-,27-,28-,29-,30-,31-,32+,33+,34+,35+,36+/m1/s1
InChI=1/C21H24N2O3/c1-13(24)20-8-5-10-23-11-9-21(19(20)23)15-6-3-4-7-16(15)22-17(21)14(12-20)18(25)26-2/h3-8,13,19,22,24H,9-12H2,1-2H3/t13-,19+,20+,21+/m1/s1
InChI=1S/C8H8O4/c9-6-2-1-5(3-7(6)10)4-8(11)12/h1-3,9-10H,4H2,(H,11,12)
InChI=1S/C14H26O11/c1-21-11-5(3-15)24-14(10(20)7(11)17)25-12-6(4-16)23-13(22-2)9(19)8(12)18/h5-20H,3-4H2,1-2H3/t5-,6-,7-,8-,9-,10-,11-,12-,13+,14-/m1/s1
InChI=1S/C3H7O7P/c4-2(3(5)6)1-10-11(7,8)9/h2,4H,1H2,(H,5,6)(H2,7,8,9)/t2-/m1/s1
InChI=1S/C16H14O5/c1-20-11-5-2-9(3-6-11)14-15(18)12-7-4-10(17)8-13(12)21-16(14)19/h2-8,14,16-17,19H,1H3
InChI=1S/C6H12O6/c7-1-2-3(8)4(9)5(10)6(11)12-2/h2-11H,1H2/t2-,3-,4+,5+,6?/m1/s1
InChI=1S/C9H8O4/c10-7-3-1-6(5-8(7)11)2-4-9(12)13/h1-5,10-11H,(H,12,13)
InChI=1S/C15H24/c1-11(2)14-8-9-15(10-14)12(3)6-5-7-13(15)4/h6,13-14H,1,5,7-10H2,2-4H3/t13-,14-,15-/m1/s1
InChI=1S/C10H14N5O7P/c11-10-13-8-7(9(17)14-10)12-3-15(8)6-1-4(16)5(22-6)2-21-23(18,19)20/h3-6,16H,1-2H2,(H2,18,19,20)(H3,11,13,14,17)/t4-,5+,6+/m0/s1
InChI=1S/C13H16O8/c14-5-8-9(16)10(17)11(18)13(20-8)21-12(19)6-1-3-7(15)4-2-6/h1-4,8-11,13-18H,5H2/t8-,9-,10+,11-,13+/m1/s1
InChI=1S/C28H48O/c1-18(2)19(3)7-8-20(4)24-11-12-25-23-10-9-21-17-22(29)13-15-27(21,5)26(23)14-16-28(24,25)6/h9,18-20,22-26,29H,7-8,10-17H2,1-6H3/t19-,20-,22+,23+,24-,25+,26+,27+,28-/m1/s1
InChI=1S/C6H12O6/c7-1-2-3(8)4(9)5(10)6(11)12-2/h2-11H,1H2/t2-,3-,4+,5-,6?/m1/s1
InChI=1S/C10H14O2/c1-9(6-7-11)4-3-5-10(2)8-12/h5-8H,3-4H2,1-2H3/b9-6+,10-5+
InChI=1S/C15H12O3/c16-12-8-5-11(6-9-12)7-10-15(18)13-3-1-2-4-14(13)17/h1-10,16-17H/b10-7+
InChI=1/C54H72N14O27/c55-54-67-43-42(45(79)68-54)58-25(22-57-43)21-56-24-3-1-23(2-4-24)44(78)66-33(53(94)95)11-19-40(75)64-31(51(90)91)9-17-38(73)62-29(49(86)87)7-15-36(71)60-27(47(82)83)5-13-34(69)59-26(46(80)81)6-14-35(70)61-28(48(84)85)8-16-37(72)63-30(50(88)89)10-18-39(74)65-32(52(92)93)12-20-41(76)77/h1-4,25-33,56,58H,5-22H2,(H,59,69)(H,60,71)(H,61,70)(H,62,73)(H,63,72)(H,64,75)(H,65,74)(H,66,78)(H,76,77)(H,80,81)(H,82,83)(H,84,85)(H,86,87)(H,88,89)(H,90,91)(H,92,93)(H,94,95)(H4,55,57,67,68,79)/t25-,26-,27-,28-,29-,30-,31-,32-,33-/s2
InChI=1S/C9H15N3O10P2/c10-7-1-2-12(9(14)11-7)8-3-5(13)6(21-8)4-20-24(18,19)22-23(15,16)17/h1-2,5-6,8,13H,3-4H2,(H,18,19)(H2,10,11,14)(H2,15,16,17)/t5-,6+,8+/m0/s1
InChI=1S/C15H12O6/c16-8-3-1-7(2-4-8)12-14(19)13-10(18)5-9(17)6-11(13)21-15(12)20/h1-6,12,15-18,20H/p-1
InChI=1S/C3H7NO2Se/c4-2(1-7)3(5)6/h2,7H,1,4H2,(H,5,6)/t2-/m0/s1
InChI=1S/C6H13O9P/c7-1-2-3(8)4(9)5(10)6(14-2)15-16(11,12)13/h2-10H,1H2,(H2,11,12,13)/t2-,3-,4+,5-,6?/m1/s1
InChI=1S/C4H6O5/c5-2(4(8)9)1-3(6)7/h2,5H,1H2,(H,6,7)(H,8,9)/t2-/m0/s1
InChI=1S/C10H16N5O13P3/c11-10-13-8-7(9(17)14-10)12-3-15(8)6-1-4(16)5(26-6)2-25-30(21,22)28-31(23,24)27-29(18,19)20/h3-6,16H,1-2H2,(H,21,22)(H,23,24)(H2,18,19,20)(H3,11,13,14,17)/t4-,5+,6+/m0/s1
InChI=1S/C15H26O/c1-13(2)7-5-8-14(3)9-6-10-15(4)11-12-16/h7,9,11,16H,5-6,8,10,12H2,1-4H3/b14-9-,15-11-
InChI=1S/C19H23N7O6/c20-19-25-15-14(17(30)26-19)23-11(8-22-15)7-21-10-3-1-9(2-4-10)16(29)24-12(18(31)32)5-6-13(27)28/h1-4,11-12,21,23H,5-8H2,(H,24,29)(H,27,28)(H,31,32)(H4,20,22,25,26,30)/t11?,12-/m0/s1
InChI=1S/C12H22O11/c13-1-4(16)7(17)8(18)5(2-14)22-12-11(21)10(20)9(19)6(3-15)23-12/h2,4-13,15-21H,1,3H2/t4-,5+,6-,7-,8-,9-,10+,11-,12-/m1/s1
InChI=1S/C4H6O/c1-2-3-4-5/h2-4H,1H3/b3-2+
InChI=1S/H4O7P2/c1-8(2,3)7-9(4,5)6/h(H2,1,2,3)(H2,4,5,6)
InChI=1S/C15H12O7/c16-7-4-10(19)12-11(5-7)22-15(14(21)13(12)20)6-1-2-8(17)9(18)3-6/h1-5,14-19,21H
InChI=1S/C9H9NO5/c1-14-5-2-3-6-7(4-5)15-9(12)8(11)10(6)13/h2-4,9,12-13H,1H3
InChI=1S/C24H30N8O9/c25-24-31-19-18(21(37)32-24)28-13(10-27-19)9-26-12-3-1-11(2-4-12)20(36)30-15(23(40)41)5-7-16(33)29-14(22(38)39)6-8-17(34)35/h1-4,13-15,26,28H,5-10H2,(H,29,33)(H,30,36)(H,34,35)(H,38,39)(H,40,41)(H4,25,27,31,32,37)/p-3/t13-,14-,15-/m0/s1
InChI=1S/C13H21N3O8S/c1-6(17)13(24)25-5-8(11(21)15-4-10(19)20)16-9(18)3-2-7(14)12(22)23/h6-8,17H,2-5,14H2,1H3,(H,15,21)(H,16,18)(H,19,20)(H,22,23)/t6-,7+,8+/m1/s1
InChI=1S/C10H10O3/c1-13-10-7-8(3-2-6-11)4-5-9(10)12/h2-7,12H,1H3/b3-2+
InChI=1S/C21H20O11/c22-7-16-17(27)18(28)19(29)21(32-16)31-15-6-10-12(25)4-9(23)5-14(10)30-20(15)8-1-2-11(24)13(26)3-8/h1-6,16-19,21-22,27-29H,7H2,(H3-,23,24,25,26)/p+1/t16-,17-,18+,19-,21-/m1/s1
InChI=1S/C19H30O2/c1-18-9-7-13(20)11-12(18)3-4-14-15-5-6-17(21)19(15,2)10-8-16(14)18/h12,14-17,21H,3-11H2,1-2H3/t12-,14-,15-,16-,17-,18-,19-/m0/s1
InChI=1S/C12H10O4/c1-7-5-12(14)16-11-6-9(15-8(2)13)3-4-10(7)11/h3-6H,1-2H3
InChI=1S/C27H33N9O15P2/c1-10-3-12-13(4-11(10)2)35(24-18(32-12)25(42)34-27(43)33-24)5-14(37)19(39)15(38)6-48-52(44,45)51-53(46,47)49-7-16-20(40)21(41)26(50-16)36-9-31-17-22(28)29-8-30-23(17)36/h3-4,8-9,14-16,19-21,26,37-41H,5-7H2,1-2H3,(H,44,45)(H,46,47)(H2,28,29,30)(H,34,42,43)/t14-,15+,16+,19-,20+,21+,26+/m0/s1
InChI=1S/C10H14N5O8P/c11-10-13-7-4(8(18)14-10)12-2-15(7)9-6(17)5(16)3(23-9)1-22-24(19,20)21/h2-3,5-6,9,16-17H,1H2,(H2,19,20,21)(H3,11,13,14,18)/t3-,5-,6-,9-/m1/s1
InChI=1S/C9H7ClO2/c10-8-4-2-1-3-7(8)5-6-9(11)12/h1-6H,(H,11,12)/p-1/b6-5+
InChI=1S/C21H20O12/c22-6-15-17(28)18(29)19(30)21(33-15)32-14-5-9-10(24)3-8(23)4-13(9)31-20(14)7-1-11(25)16(27)12(26)2-7/h1-5,15,17-19,21-22,28-30H,6H2,(H4-,23,24,25,26,27)/p+1/t15-,17-,18+,19-,21-/m1/s1
InChI=1S/C8H7NO4/c10-7-8(11)13-6-4-2-1-3-5(6)9(7)12/h1-4,8,11-12H
InChI=1S/C7H6O3/c8-6-4-2-1-3-5(6)7(9)10/h1-4,8H,(H,9,10)/p-1
InChI=1/C6H12O6/c7-1-2-3(8)4(9)5(10)6(11)12-2/h2-11H,1H2/t2-,3+,4+,5-,6+/m1/s1
InChI=1S/C14H12O3/c15-12-5-3-10(4-6-12)1-2-11-7-13(16)9-14(17)8-11/h1-9,15-17H/b2-1+
InChI=1S/C12H22O11/c13-1-3-5(15)6(16)9(19)12(22-3)23-10-4(2-14)21-11(20)8(18)7(10)17/h3-20H,1-2H2/t3-,4-,5-,6+,7-,8-,9-,10-,11-,12+/m1/s1
InChI=1S/C11H12O4/c1-14-9-6-8(4-3-5-12)7-10(15-2)11(9)13/h3-7,13H,1-2H3/b4-3+
InChI=1S/C16H25N5O16P2/c17-16-19-12-6(13(28)20-16)18-3-21(12)14-10(26)8(24)5(34-14)2-33-38(29,30)37-39(31,32)36-15-11(27)9(25)7(23)4(1-22)35-15/h3-5,7-11,14-15,22-27H,1-2H2,(H,29,30)(H,31,32)(H3,17,19,20,28)/t4-,5+,7+,8+,9+,10+,11-,14+,15?/m0/s1
InChI=1S/C10H13NO5/c11-7(8(13)14)5-10(9(15)16)3-1-6(12)2-4-10/h1-4,6-7,12H,5,11H2,(H,13,14)(H,15,16)
InChI=1S/CO2/c2-1-3
InChI=1S/C4H6O3/c5-3-1-2-4(6)7/h3H,1-2H2,(H,6,7)
InChI=1S/C30H50O/c1-20(2)9-8-10-21(3)22-13-15-28(7)24-12-11-23-26(4,5)25(31)14-16-29(23)19-30(24,29)18-17-27(22,28)6/h9,21-25,31H,8,10-19H2,1-7H3/t21?,22-,23+,24+,25+,27-,28+,29-,30+/m1/s1
InChI=1S/C10H17NO3/c1-11-6-3-4-7(11)9(8(12)5-6)10(13)14-2/h6-9,12H,3-5H2,1-2H3/t6-,7+,8-,9+/m0/s1
InChI=1S/C24H38N7O19P3S/c1-24(2,19(37)22(38)27-4-3-13(32)26-5-6-54-15(35)7-14(33)34)9-47-53(44,45)50-52(42,43)46-8-12-18(49-51(39,40)41)17(36)23(48-12)31-11-30-16-20(25)28-10-29-21(16)31/h10-12,17-19,23,36-37H,3-9H2,1-2H3,(H,26,32)(H,27,38)(H,33,34)(H,42,43)(H,44,45)(H2,25,28,29)(H2,39,40,41)/t12-,17-,18-,19+,23-/m1/s1
InChI=1S/C15H10O7/c16-7-4-10(19)12-11(5-7)22-15(14(21)13(12)20)6-1-2-8(17)9(18)3-6/h1-5,16-19,21H
InChI=1S/C5H11O8P/c6-1-3(7)5(9)4(8)2-13-14(10,11)12/h1,3-5,7-9H,2H2,(H2,10,11,12)/t3-,4+,5-/m0/s1
InChI=1S/C7H9NO4/c9-6(10)4-2-1-3-5(8-4)7(11)12/h4H,1-3H2,(H,9,10)(H,11,12)/p-2
InChI=1S/C20H28N10O19P4/c21-15-9-17(25-3-23-15)29(5-27-9)19-13(33)11(31)7(45-19)1-43-50(35,36)47-52(39,40)49-53(41,42)48-51(37,38)44-2-8-12(32)14(34)20(46-8)30-6-28-10-16(22)24-4-26-18(10)30/h3-8,11-14,19-20,31-34H,1-2H2,(H,35,36)(H,37,38)(H,39,40)(H,41,42)(H2,21,23,25)(H2,22,24,26)/t7-,8-,11-,12-,13-,14-,19-,20-/m1/s1
InChI=1S/C4H8NO7P/c5-2(4(7)8)1-3(6)12-13(9,10)11/h2H,1,5H2,(H,7,8)(H2,9,10,11)/p-3/t2-/m0/s1
InChI=1S/C7H13O10P/c8-3(1-4(9)7(12)13)6(11)5(10)2-17-18(14,15)16/h3,5-6,8,10-11H,1-2H2,(H,12,13)(H2,14,15,16)/t3-,5-,6+/m1/s1
InChI=1/C8H8O2/c1-10-8-4-2-7(6-9)3-5-8/h2-6H,1H3
InChI=1S/C14H26N3O17P3/c1-14(6-18,33-35(23,24)25)8(19)5-31-37(28,29)34-36(26,27)30-4-7-10(20)11(21)12(32-7)17-3-2-9(15)16-13(17)22/h2-3,7-8,10-12,18-21H,4-6H2,1H3,(H,26,27)(H,28,29)(H2,15,16,22)(H2,23,24,25)/t7-,8-,10-,11-,12-,14+/m1/s1
InChI=1S/C6H10O6/c7-1-2(8)5-3(9)4(10)6(11)12-5/h2-5,7-10H,1H2/t2-,3-,4-,5+/m0/s1
InChI=1S/S/q-2
InChI=1S/C21H28N7O17P3/c22-17-12-19(25-7-24-17)28(8-26-12)21-16(44-46(33,34)35)14(30)11(43-21)6-41-48(38,39)45-47(36,37)40-5-10-13(29)15(31)20(42-10)27-3-1-2-9(4-27)18(23)32/h1-4,7-8,10-11,13-16,20-21,29-31H,5-6H2,(H7-,22,23,24,25,32,33,34,35,36,37,38,39)/t10-,11-,13-,14-,15-,16-,20-,21-/m1/s1
InChI=1S/C8H13NO/c1-9-6-2-3-7(9)5-8(10)4-6/h6-7H,2-5H2,1H3/t6-,7+
InChI=1S/C10H10N2O/c13-12-6-5-8-7-11-10-4-2-1-3-9(8)10/h1-4,6-7,11,13H,5H2/b12-6+
InChI=1S/C3H9O6P/c4-1-3(2-5)9-10(6,7)8/h3-5H,1-2H2,(H2,6,7,8)
InChI=1S/C20H32O2/c1-2-3-4-5-6-7-8-9-10-11-12-13-14-15-16-17-18-19-20(21)22/h6-7,9-10,12-13,15-16H,2-5,8,11,14,17-19H2,1H3,(H,21,22)/p-1/b7-6-,10-9-,13-12-,16-15-
InChI=1S/C10H17N2O14P3/c1-5-3-12(10(15)11-9(5)14)8-2-6(13)7(24-8)4-23-28(19,20)26-29(21,22)25-27(16,17)18/h3,6-8,13H,2,4H2,1H3,(H,19,20)(H,21,22)(H,11,14,15)(H2,16,17,18)/t6-,7+,8+/m0/s1
InChI=1S/C5H11O8P/c6-1-3(7)5(9)4(8)2-13-14(10,11)12/h4-6,8-9H,1-2H2,(H2,10,11,12)/t4-,5+/m1/s1
InChI=1S/C24H42O21/c25-1-5-9(29)10(30)15(35)22(40-5)44-19-7(3-27)42-24(17(37)12(19)32)45-20-8(4-28)41-23(16(36)13(20)33)43-18-6(2-26)39-21(38)14(34)11(18)31/h5-38H,1-4H2/t5-,6-,7-,8-,9-,10+,11-,12-,13-,14-,15-,16-,17-,18-,19-,20-,21+,22-,23-,24-/m1/s1
InChI=1S/C5H12O7P2/c1-5(2)3-4-11-14(9,10)12-13(6,7)8/h3H,4H2,1-2H3,(H,9,10)(H2,6,7,8)
InChI=1S/C7H8O/c8-6-7-4-2-1-3-5-7/h1-5,8H,6H2
InChI=1S/C5H6O5/c6-3(5(9)10)1-2-4(7)8/h1-2H2,(H,7,8)(H,9,10)
InChI=1S/C7H5FO/c8-7-3-1-2-6(4-7)5-9/h1-5H
InChI=1S/C7H12O/c1-6-2-4-7(8)5-3-6/h6H,2-5H2,1H3
InChI=1S/C9H10O2/c10-7-1-2-8-3-5-9(11)6-4-8/h1-6,10-11H,7H2
InChI=1S/C8H8O/c1-7-4-2-3-5-8(7)6-9/h2-6H,1H3
InChI=1S/C5H11NO2/c1-3(2)4(6)5(7)8/h3-4H,6H2,1-2H3,(H,7,8)/t4-/m0/s1
InChI=1S/C12H7Cl2NO2/c13-10-5-8(6-11(14)12(10)17)15-7-1-3-9(16)4-2-7/h1-6,16H
InChI=1S/C15H10O6/c16-8-4-11(18)9-6-13(20)15(21-14(9)5-8)7-1-2-10(17)12(19)3-7/h1-6H,(H4-,16,17,18,19,20)/p+1
InChI=1/C18H19NO3/c1-19-8-7-18-11-4-6-14(21-2)17(18)22-16-13(20)5-3-10(15(16)18)9-12(11)19/h3-6,12,17,20H,7-9H2,1-2H3/t12-,17+,18+/m1/s1
InChI=1S/C39H51N11O18/c40-39-49-31-30(33(58)50-39)43-19(16-42-31)15-41-18-3-1-17(2-4-18)32(57)48-24(38(67)68)8-13-28(54)46-22(36(63)64)6-11-26(52)44-20(34(59)60)5-10-25(51)45-21(35(61)62)7-12-27(53)47-23(37(65)66)9-14-29(55)56/h1-4,19-24,41,43H,5-16H2,(H,44,52)(H,45,51)(H,46,54)(H,47,53)(H,48,57)(H,55,56)(H,59,60)(H,61,62)(H,63,64)(H,65,66)(H,67,68)(H4,40,42,49,50,58)/p-6/t19-,20-,21-,22-,23-,24-/m0/s1
InChI=1S/C11H16N5O7P/c1-12-9-6-10(14-3-13-9)16(4-15-6)11-8(18)7(17)5(23-11)2-22-24(19,20)21/h3-5,7-8,11,17-18H,2H2,1H3,(H,12,13,14)(H2,19,20,21)/t5-,7-,8-,11-/m1/s1
InChI=1S/C6H13O9P/c7-1-2-3(8)4(9)5(10)6(14-2)15-16(11,12)13/h2-10H,1H2,(H2,11,12,13)/t2-,3+,4+,5-,6?/m0/s1
InChI=1S/C9H18O2/c1-2-3-4-5-6-7-8-9(10)11/h2-8H2,1H3,(H,10,11)/p-1
InChI=1/C14H17NO9/c16-5-8-9(17)10(18)11(19)13(23-8)24-14-12(20)15(21)6-3-1-2-4-7(6)22-14/h1-4,8-11,13-14,16-19,21H,5H2/t8-,9-,10+,11-,13+,14?/m1/s1
InChI=1S/C14H28O6/c1-2-3-4-5-6-7-8-19-14-13(18)12(17)11(16)10(9-15)20-14/h10-18H,2-9H2,1H3/t10-,11-,12+,13-,14-/m1/s1
InChI=1S/C18H21NO3/c1-19-8-7-18-11-4-5-13(20)17(18)22-16-14(21-2)6-3-10(15(16)18)9-12(11)19/h3-6,11-13,17,20H,7-9H2,1-2H3/t11-,12+,13-,17-,18-/m0/s1
InChI=1S/CHIN5O2/c2-7(6(8)9)1-3-4-5-7/h1H/q+1
InChI=1S/C16H25N5O16P2/c17-16-19-12-6(13(28)20-16)18-3-21(12)14-10(26)8(24)5(34-14)2-33-38(29,30)37-39(31,32)36-15-11(27)9(25)7(23)4(1-22)35-15/h3-5,7-11,14-15,22-27H,1-2H2,(H,29,30)(H,31,32)(H3,17,19,20,28)/t4-,5-,7-,8-,9+,10-,11-,14-,15?/m1/s1
InChI=1S/C18H18N4O6S4/c1-3-21-13-7-5-11(31(23,24)25)9-15(13)29-17(21)19-20-18-22(4-2)14-8-6-12(32(26,27)28)10-16(14)30-18/h5-10H,3-4H2,1-2H3,(H,23,24,25)(H,26,27,28)/b19-17-,20-18+
InChI=1S/C9H18N2O3S/c1-5(2)3-7(9(13)14)11-8(12)6(10)4-15/h5-7,15H,3-4,10H2,1-2H3,(H,11,12)(H,13,14)
InChI=1S/C20H32/c1-6-15-8-10-17-16(14(15)2)9-11-18-19(3,4)12-7-13-20(17,18)5/h6,8,14,16-18H,1,7,9-13H2,2-5H3/t14-,16-,17-,18-,20+/m1/s1
InChI=1S/C12H22O11/c13-1-3-5(15)6(16)9(19)12(22-3)23-10-4(2-14)21-11(20)8(18)7(10)17/h3-20H,1-2H2/t3-,4-,5-,6+,7-,8-,9-,10-,11?,12-/m1/s1
InChI=1/C18H32O16/c19-1-4-7(21)9(23)13(27)17(32-4)30-3-6-15(11(25)12(26)16(29)31-6)34-18-14(28)10(24)8(22)5(2-20)33-18/h4-29H,1-3H2/t4-,5-,6-,7+,8-,9+,10+,11-,12+,13-,14+,15-,16-,17+,18+/m1/s1
InChI=1S/C7H6O2/c8-7(9)6-4-2-1-3-5-6/h1-5H,(H,8,9)
InChI=1S/C3H4O2/c1-3(5)2-4/h2H,1H3
InChI=1S/C9H7NO4/c11-9(12)6-5-7-3-1-2-4-8(7)10(13)14/h1-6H,(H,11,12)/b6-5+
InChI=1S/C6H14N4O2/c7-4(5(11)12)2-1-3-10-6(8)9/h4H,1-3,7H2,(H,11,12)(H4,8,9,10)/t4-/m0/s1
InChI=1S/C10H18O/c1-9(2)5-4-6-10(3)7-8-11/h5,7,11H,4,6,8H2,1-3H3/b10-7-
InChI=1S/C32H46N7O20P3S/c1-32(2,27(44)30(45)35-8-7-21(40)34-9-10-63-22(41)6-5-17-11-18(53-3)24(42)19(12-17)54-4)14-56-62(51,52)59-61(49,50)55-13-20-26(58-60(46,47)48)25(43)31(57-20)39-16-38-23-28(33)36-15-37-29(23)39/h5-6,11-12,15-16,20,25-27,31,42-44H,7-10,13-14H2,1-4H3,(H,34,40)(H,35,45)(H,49,50)(H,51,52)(H2,33,36,37)(H2,46,47,48)/b6-5+/t20-,25-,26-,27+,31-/m1/s1
InChI=1S/C21H20O10/c22-7-15-18(26)19(27)20(28)21(31-15)30-11-5-13(24)16-14(6-11)29-8-12(17(16)25)9-1-3-10(23)4-2-9/h1-6,8,15,18-24,26-28H,7H2/t15-,18-,19+,20-,21-/m1/s1
InChI=1S/C15H24/c1-11(2)13-8-9-14-7-5-6-12(3)15(14,4)10-13/h9,12-13H,1,5-8,10H2,2-4H3/t12-,13-,15-/m1/s1
InChI=1S/C15H12O3/c16-12-7-8-13(15(18)10-12)14(17)9-6-11-4-2-1-3-5-11/h1-10,16,18H/b9-6+
InChI=1S/H3N/h1H3
InChI=1S/C28H40N7O17P3S/c1-28(2,22(38)25(39)31-9-8-18(36)30-10-11-56-27(40)16-6-4-3-5-7-16)13-49-55(46,47)52-54(44,45)48-12-17-21(51-53(41,42)43)20(37)26(50-17)35-15-34-19-23(29)32-14-33-24(19)35/h3-7,14-15,17,20-22,26,37-38H,8-13H2,1-2H3,(H,30,36)(H,31,39)(H,44,45)(H,46,47)(H2,29,32,33)(H2,41,42,43)/t17-,20-,21-,22+,26-/m1/s1
InChI=1S/C6H14O12P2/c7-4-3(1-16-19(10,11)12)18-6(9,5(4)8)2-17-20(13,14)15/h3-5,7-9H,1-2H2,(H2,10,11,12)(H2,13,14,15)/t3-,4-,5+,6?/m1/s1
InChI=1S/C42H72O36/c43-1-9(51)17(53)31(10(52)2-44)73-38-26(62)20(56)33(12(4-46)68-38)75-40-28(64)22(58)35(14(6-48)70-40)77-42-30(66)24(60)36(16(8-50)72-42)78-41-29(65)23(59)34(15(7-49)71-41)76-39-27(63)21(57)32(13(5-47)69-39)74-37-25(61)19(55)18(54)11(3-45)67-37/h1,9-42,44-66H,2-8H2/t9-,10+,11+,12+,13+,14+,15+,16+,17+,18+,19-,20+,21+,22+,23+,24+,25+,26+,27+,28+,29+,30+,31+,32+,33+,34+,35+,36+,37+,38+,39+,40+,41+,42+/m0/s1
InChI=1S/C15H22N6O5S/c1-27(3-2-7(16)15(24)25)4-8-10(22)11(23)14(26-8)21-6-20-9-12(17)18-5-19-13(9)21/h5-8,10-11,14,22-23H,2-4,16H2,1H3,(H2-,17,18,19,24,25)/p+1/t7-,8+,10+,11+,14+,27-/m0/s1
